sale_date,category,product,variety,packaging,level,size,weight,quantity,today_highest_price,today_lowest_price,today_average_price
2024. 10. 23,,사과,K-1,,보1,없음,20,21,62200,59900,61981
2024. 10. 23,,사과,K-1,,상1,없음,20,26,91400,88100,88735
2024. 10. 23,,사과,K-1,,상2,없음,20,28,93300,92300,92443
2024. 10. 23,,사과,K-1,,상3,없음,20,7,87000,83600,85057
2024. 10. 23,,사과,K-1,,특3,없음,20,9,134000,126900,129267
2024. 10. 23,,사과,K-1,,특4,없음,20,40,133000,110900,121398
2024. 10. 23,,사과,K-1,,특5,없음,20,25,114500,105500,112340
2024. 10. 23,,사과,K-1,,특6,없음,20,9,108000,105500,107722
2024. 10. 23,,사과,K-1,,특7,없음,20,2,102500,102500,102500
2024. 10. 23,,사과,K-1,,특8,없음,20,1,96000,96000,96000
2024. 10. 23,,사과,감홍,,등외,없음,20,13,70000,22000,50831
2024. 10. 23,,사과,감홍,,보1,없음,20,304,79300,16900,46291
2024. 10. 23,,사과,감홍,,상1,없음,20,445,135900,62900,106799
2024. 10. 23,,사과,감홍,,상2,없음,20,361,123900,60000,108001
2024. 10. 23,,사과,감홍,,상3,없음,20,76,103000,23000,87487
2024. 10. 23,,사과,감홍,,특2,없음,20,7,126000,116000,118857
2024. 10. 23,,사과,감홍,,특3,없음,20,132,173900,103000,133313
2024. 10. 23,,사과,감홍,,특4,없음,20,242,175300,96300,140186
2024. 10. 23,,사과,감홍,,특5,없음,20,183,160000,98100,137596
2024. 10. 23,,사과,감홍,,특6,없음,20,113,160000,93000,127536
2024. 10. 23,,사과,감홍,,특7,없음,20,48,119000,90000,112619
2024. 10. 23,,사과,감홍,,특8,없음,20,19,95000,87900,91989
2024. 10. 23,,사과,루비에스,,없음,없음,10,4,17600,17600,17600
2024. 10. 23,,사과,미시마,,등외,없음,20,14,66600,62900,64750
2024. 10. 23,,사과,미시마,,보1,없음,20,64,48900,38900,42488
2024. 10. 23,,사과,미시마,,상1,없음,20,22,86600,84900,85700
2024. 10. 23,,사과,미시마,,상2,없음,20,39,90100,89200,89746
2024. 10. 23,,사과,미시마,,상3,없음,20,17,87200,85200,85988
2024. 10. 23,,사과,미시마,,특3,없음,20,4,119900,95000,108600
2024. 10. 23,,사과,미시마,,특4,없음,20,32,109000,99800,103856
2024. 10. 23,,사과,미시마,,특5,없음,20,70,109000,103900,105534
2024. 10. 23,,사과,미시마,,특6,없음,20,61,107500,101500,103475
2024. 10. 23,,사과,미시마,,특7,없음,20,41,100100,98000,99849
2024. 10. 23,,사과,미시마,,특8,없음,20,16,95500,91300,93875
2024. 10. 23,,사과,미안마,,등외,없음,20,82,80000,59900,66710
2024. 10. 23,,사과,미안마,,보1,없음,20,546,66600,10000,31455
2024. 10. 23,,사과,미안마,,상1,없음,20,243,92200,25000,77693
2024. 10. 23,,사과,미안마,,상2,없음,20,287,95900,12300,89025
2024. 10. 23,,사과,미안마,,상3,없음,20,89,87900,11700,80404
2024. 10. 23,,사과,미안마,,특3,없음,20,28,128900,91900,109575
2024. 10. 23,,사과,미안마,,특4,없음,20,290,117100,93000,104186
2024. 10. 23,,사과,미안마,,특5,없음,20,468,114900,97000,106205
2024. 10. 23,,사과,미안마,,특6,없음,20,366,109100,90000,104734
2024. 10. 23,,사과,미안마,,특7,없음,20,216,103500,94600,100063
2024. 10. 23,,사과,미안마,,특8,없음,20,95,96100,85900,93187
2024. 10. 23,,사과,미야비,,보1,없음,20,2,55500,49000,52250
2024. 10. 23,,사과,미야비,,상1,없음,20,2,87900,87900,87900
2024. 10. 23,,사과,미야비,,상2,없음,20,7,90100,89900,90014
2024. 10. 23,,사과,미야비,,특3,없음,20,1,117000,117000,117000
2024. 10. 23,,사과,미야비,,특4,없음,20,9,107500,107000,107222
2024. 10. 23,,사과,미야비,,특5,없음,20,19,110300,108900,109858
2024. 10. 23,,사과,미야비,,특6,없음,20,13,106500,102500,103423
2024. 10. 23,,사과,미야비,,특7,없음,20,5,101000,101000,101000
2024. 10. 23,,사과,미야비,,특8,없음,20,1,94600,94600,94600
2024. 10. 23,,사과,시나노골드,,등외,없음,20,27,46600,36900,43574
2024. 10. 23,,사과,시나노골드,,보1,없음,20,37,36100,10000,27668
2024. 10. 23,,사과,시나노골드,,상1,없음,20,84,63300,44900,53564
2024. 10. 23,,사과,시나노골드,,상2,없음,20,108,65100,39000,58445
2024. 10. 23,,사과,시나노골드,,상3,없음,20,39,55900,31200,46605
2024. 10. 23,,사과,시나노골드,,특2,없음,20,1,55000,55000,55000
2024. 10. 23,,사과,시나노골드,,특3,없음,20,30,79300,58900,65733
2024. 10. 23,,사과,시나노골드,,특4,없음,20,204,88000,56900,70211
2024. 10. 23,,사과,시나노골드,,특5,없음,20,328,76900,58000,68666
2024. 10. 23,,사과,시나노골드,,특6,없음,20,237,69900,54100,64986
2024. 10. 23,,사과,시나노골드,,특7,없음,20,107,61600,45000,60007
2024. 10. 23,,사과,시나노골드,,특8,없음,20,40,59500,42000,56928
2024. 10. 23,,사과,시나노스위트,,등외,없음,20,7,28900,25000,25557
2024. 10. 23,,사과,시나노스위트,,보1,없음,20,28,25500,21300,24479
2024. 10. 23,,사과,시나노스위트,,상1,없음,20,11,44000,28000,35491
2024. 10. 23,,사과,시나노스위트,,상2,없음,20,30,47900,33200,37963
2024. 10. 23,,사과,시나노스위트,,상3,없음,20,15,36900,25000,29327
2024. 10. 23,,사과,시나노스위트,,특3,없음,20,4,49000,49000,49000
2024. 10. 23,,사과,시나노스위트,,특4,없음,20,11,55000,49000,51182
2024. 10. 23,,사과,시나노스위트,,특5,없음,20,6,56900,40100,54100
2024. 10. 23,,사과,시나노스위트,,특6,없음,20,8,57900,36500,52863
2024. 10. 23,,사과,시나노스위트,,특7,없음,20,4,55900,36900,51150
2024. 10. 23,,사과,시나노스위트,,특8,없음,20,1,39000,39000,39000
2024. 10. 23,,사과,아리수,,상2,없음,20,1,58900,58900,58900
2024. 10. 23,,사과,양광,,등외,없음,20,12,34000,29900,31158
2024. 10. 23,,사과,양광,,보1,없음,20,92,44900,30600,37489
2024. 10. 23,,사과,양광,,상1,없음,20,38,54600,50300,52963
2024. 10. 23,,사과,양광,,상2,없음,20,115,61300,54900,57557
2024. 10. 23,,사과,양광,,상3,없음,20,38,55900,49900,53076
2024. 10. 23,,사과,양광,,특3,없음,20,1,59900,59900,59900
2024. 10. 23,,사과,양광,,특4,없음,20,12,66600,55000,61850
2024. 10. 23,,사과,양광,,특5,없음,20,24,67000,59900,63413
2024. 10. 23,,사과,양광,,특6,없음,20,19,66600,59900,63879
2024. 10. 23,,사과,양광,,특7,없음,20,12,60000,56900,59225
2024. 10. 23,,사과,양광,,특8,없음,20,5,58000,46900,55780
2024. 10. 23,,사과,엔부,,등외,없음,20,2,56100,51900,54000
2024. 10. 23,,사과,엔부,,보1,없음,20,4,44900,33000,40700
2024. 10. 23,,사과,엔부,,상1,없음,20,9,67300,67000,67267
2024. 10. 23,,사과,엔부,,상2,없음,20,9,69100,55500,63656
2024. 10. 23,,사과,엔부,,상3,없음,20,1,50000,50000,50000
2024. 10. 23,,사과,엔부,,특3,없음,20,9,89900,77100,88478
2024. 10. 23,,사과,엔부,,특4,없음,20,41,88900,74000,87220
2024. 10. 23,,사과,엔부,,특5,없음,20,36,92500,74900,88611
2024. 10. 23,,사과,엔부,,특6,없음,20,15,79000,74900,77267
2024. 10. 23,,사과,엔부,,특7,없음,20,5,65900,42000,58960
2024. 10. 23,,사과,엔부,,특8,없음,20,2,59100,50000,54550
2024. 10. 23,,사과,요까,,등외,없음,20,3,25000,25000,25000
2024. 10. 23,,사과,요까,,보1,없음,20,12,22900,20000,21933
2024. 10. 23,,사과,요까,,상2,없음,20,6,47900,29900,44900
2024. 10. 23,,사과,요까,,상3,없음,20,17,31200,26900,30947
2024. 10. 23,,사과,홍로,,등외,없음,20,67,32000,23300,31621
2024. 10. 23,,사과,홍로,,보1,없음,20,73,28900,23600,28247
2024. 10. 23,,사과,홍로,,상2,없음,20,21,40000,35900,36681
2024. 10. 23,,사과,홍로,,상3,없음,20,16,33000,32000,32375
2024. 10. 23,,사과,홍로,,특4,없음,20,1,43000,43000,43000
2024. 10. 23,,사과,홍로,,특5,없음,20,4,46900,46900,46900
2024. 10. 23,,사과,홍옥,,등외,없음,20,13,38000,38000,38000
2024. 10. 23,,사과,홍옥,,보1,없음,20,11,19300,19300,19300
2024. 10. 23,,사과,홍옥,,상3,없음,20,4,36000,36000,36000
2024. 10. 23,,사과,후브락스,,등외,없음,20,48,81900,36000,68898
2024. 10. 23,,사과,후브락스,,보1,없음,20,252,64000,29900,51208
2024. 10. 23,,사과,후브락스,,상1,없음,20,300,103000,82100,87328
2024. 10. 23,,사과,후브락스,,상2,없음,20,327,101900,82300,90753
2024. 10. 23,,사과,후브락스,,상3,없음,20,78,89400,78900,84478
2024. 10. 23,,사과,후브락스,,특3,없음,20,125,139900,96900,126298
2024. 10. 23,,사과,후브락스,,특4,없음,20,524,126100,99900,108763
2024. 10. 23,,사과,후브락스,,특5,없음,20,560,126900,94900,108451
2024. 10. 23,,사과,후브락스,,특6,없음,20,346,114900,94900,106364
2024. 10. 23,,사과,후브락스,,특7,없음,20,162,108000,90000,100751
2024. 10. 23,,사과,후브락스,,특8,없음,20,63,99800,86600,93025
2024. 10. 23,,사과,후지(부사),,보1,없음,20,5,38000,38000,38000
2024. 10. 23,,사과,후지(부사),,특5,없음,20,1,90000,90000,90000
2024. 10. 23,,사과,후지(부사),,특6,없음,20,1,90000,90000,90000
2024. 10. 23,,사과,후지(부사),,특7,없음,20,1,86900,86900,86900
2024. 10. 23,,사과,후지챔피온,,등외,없음,20,2,49300,49300,49300
2024. 10. 23,,사과,후지챔피온,,보1,없음,20,3,43600,43600,43600
2024. 10. 23,,사과,후지챔피온,,상2,없음,20,6,90000,90000,90000
2024. 10. 23,,사과,후지챔피온,,상3,없음,20,5,85900,85900,85900
2024. 10. 23,,사과,후지챔피온,,특4,없음,20,2,96900,96900,96900
2024. 10. 23,,사과,후지챔피온,,특5,없음,20,10,100100,100100,100100
2024. 10. 23,,사과,후지챔피온,,특6,없음,20,13,100000,100000,100000
2024. 10. 23,,사과,후지챔피온,,특7,없음,20,8,99800,99800,99800
2024. 10. 23,,사과,후지챔피온,,특8,없음,20,3,94900,94900,94900
2024. 10. 21,과실류,사과,K-1,상자,보1,없음,20,31,53900,46900,49965
2024. 10. 21,과실류,사과,K-1,상자,상1,없음,20,56,77900,66900,74066
2024. 10. 21,과실류,사과,K-1,상자,상2,없음,20,51,82100,73300,79298
2024. 10. 21,과실류,사과,K-1,상자,상3,없음,20,10,74900,65700,69660
2024. 10. 21,과실류,사과,K-1,상자,특3,없음,20,19,115900,104900,111463
2024. 10. 21,과실류,사과,K-1,상자,특4,없음,20,51,108000,94900,103092
2024. 10. 21,과실류,사과,K-1,상자,특5,없음,20,29,113300,95900,102779
2024. 10. 21,과실류,사과,K-1,상자,특6,없음,20,16,110000,92100,97681
2024. 10. 21,과실류,사과,K-1,상자,특7,없음,20,6,89900,86600,88150
2024. 10. 21,과실류,사과,K-1,상자,특8,없음,20,2,80000,76100,78050
2024. 10. 21,과실류,사과,감홍,상자,등외,없음,20,17,44900,18900,33041
2024. 10. 21,과실류,사과,감홍,상자,미달,없음,20,12,69900,6900,28792
2024. 10. 21,과실류,사과,감홍,상자,보1,없음,20,576,50000,12000,30826
2024. 10. 21,과실류,사과,감홍,상자,보2,없음,20,1,26900,26900,26900
2024. 10. 21,과실류,사과,감홍,상자,상1,없음,20,1529,106900,53000,78739
2024. 10. 21,과실류,사과,감홍,상자,상2,없음,20,859,112000,51900,73303
2024. 10. 21,과실류,사과,감홍,상자,상3,없음,20,178,68100,25000,43853
2024. 10. 21,과실류,사과,감홍,상자,특2,없음,20,31,136100,77900,100129
2024. 10. 21,과실류,사과,감홍,상자,특3,없음,20,310,159000,60000,111975
2024. 10. 21,과실류,사과,감홍,상자,특4,없음,20,649,158900,69000,117698
2024. 10. 21,과실류,사과,감홍,상자,특5,없음,20,452,150000,58000,112550
2024. 10. 21,과실류,사과,감홍,상자,특6,없음,20,199,126600,56900,94030
2024. 10. 21,과실류,사과,감홍,상자,특7,없음,20,60,98900,44400,67143
2024. 10. 21,과실류,사과,감홍,상자,특8,없음,20,15,59900,29900,48527
2024. 10. 21,과실류,사과,감홍,상자,혼합,없음,20,3,130000,65000,88300
2024. 10. 21,과실류,사과,미시마,상자,등외,없음,20,1,64400,64400,64400
2024. 10. 21,과실류,사과,미시마,상자,보1,없음,20,2,60000,60000,60000
2024. 10. 21,과실류,사과,미시마,상자,상1,없음,20,4,83300,81500,82400
2024. 10. 21,과실류,사과,미시마,상자,상2,없음,20,6,86900,84000,85933
2024. 10. 21,과실류,사과,미시마,상자,상3,없음,20,1,74400,74400,74400
2024. 10. 21,과실류,사과,미시마,상자,특3,없음,20,11,132000,127900,129391
2024. 10. 21,과실류,사과,미시마,상자,특4,없음,20,49,123000,119900,121671
2024. 10. 21,과실류,사과,미시마,상자,특5,없음,20,38,118000,115900,116950
2024. 10. 21,과실류,사과,미시마,상자,특6,없음,20,15,110100,107200,108747
2024. 10. 21,과실류,사과,미시마,상자,특7,없음,20,4,94900,83900,92150
2024. 10. 21,과실류,사과,미시마,상자,특8,없음,20,1,84400,84400,84400
2024. 10. 21,과실류,사과,미안마,상자,등외,없음,20,129,68900,38800,56303
2024. 10. 21,과실류,사과,미안마,상자,미달,없음,20,4,28900,19000,22900
2024. 10. 21,과실류,사과,미안마,상자,보1,없음,20,451,61600,20000,39313
2024. 10. 21,과실류,사과,미안마,상자,상1,없음,20,283,90100,55500,70335
2024. 10. 21,과실류,사과,미안마,상자,상2,없음,20,500,91100,63900,73271
2024. 10. 21,과실류,사과,미안마,상자,상3,없음,20,149,77700,56900,64991
2024. 10. 21,과실류,사과,미안마,상자,특3,없음,20,75,200000,68900,110279
2024. 10. 21,과실류,사과,미안마,상자,특4,없음,20,550,130400,71100,99876
2024. 10. 21,과실류,사과,미안마,상자,특5,없음,20,824,138200,76900,99253
2024. 10. 21,과실류,사과,미안마,상자,특6,없음,20,598,118900,78900,93173
2024. 10. 21,과실류,사과,미안마,상자,특7,없음,20,313,99900,69000,85253
2024. 10. 21,과실류,사과,미안마,상자,특8,없음,20,127,86900,66600,76271
2024. 10. 21,과실류,사과,미야비,상자,등외,없음,20,2,59900,59900,59900
2024. 10. 21,과실류,사과,미야비,상자,보1,없음,20,14,50600,39000,43971
2024. 10. 21,과실류,사과,미야비,상자,상1,없음,20,56,80100,76900,78614
2024. 10. 21,과실류,사과,미야비,상자,상2,없음,20,44,84900,84400,84627
2024. 10. 21,과실류,사과,미야비,상자,상3,없음,20,7,74900,65900,69757
2024. 10. 21,과실류,사과,미야비,상자,특3,없음,20,7,121100,98900,105243
2024. 10. 21,과실류,사과,미야비,상자,특4,없음,20,35,109900,106600,107920
2024. 10. 21,과실류,사과,미야비,상자,특5,없음,20,47,108900,104900,107368
2024. 10. 21,과실류,사과,미야비,상자,특6,없음,20,29,107000,99400,103069
2024. 10. 21,과실류,사과,미야비,상자,특7,없음,20,11,94900,81000,86055
2024. 10. 21,과실류,사과,미야비,상자,특8,없음,20,3,85400,70000,75133
2024. 10. 21,과실류,사과,스타크점보,상자,보1,없음,20,16,21100,19100,20850
2024. 10. 21,과실류,사과,스타크점보,상자,상1,없음,20,20,48900,46900,47400
2024. 10. 21,과실류,사과,스타크점보,상자,상2,없음,20,48,48900,46900,47400
2024. 10. 21,과실류,사과,스타크점보,상자,상3,없음,20,5,36000,28000,34400
2024. 10. 21,과실류,사과,스타크점보,상자,특4,없음,20,19,56100,49900,53816
2024. 10. 21,과실류,사과,스타크점보,상자,특5,없음,20,15,60000,52000,55733
2024. 10. 21,과실류,사과,스타크점보,상자,특6,없음,20,7,56900,48900,53471
2024. 10. 21,과실류,사과,스타크점보,상자,특7,없음,20,2,48900,20100,34500
2024. 10. 21,과실류,사과,시나노골드,상자,등외,없음,20,147,44600,21100,41533
2024. 10. 21,과실류,사과,시나노골드,상자,미달,없음,20,4,6000,3000,4300
2024. 10. 21,과실류,사과,시나노골드,상자,보1,없음,20,137,35900,10000,23757
2024. 10. 21,과실류,사과,시나노골드,상자,상1,없음,20,175,62900,44000,54158
2024. 10. 21,과실류,사과,시나노골드,상자,상2,없음,20,259,61100,38800,50850
2024. 10. 21,과실류,사과,시나노골드,상자,상3,없음,20,102,46500,33000,42687
2024. 10. 21,과실류,사과,시나노골드,상자,특2,없음,20,6,55400,55400,55400
2024. 10. 21,과실류,사과,시나노골드,상자,특3,없음,20,112,78000,58100,66632
2024. 10. 21,과실류,사과,시나노골드,상자,특4,없음,20,465,79900,52900,67693
2024. 10. 21,과실류,사과,시나노골드,상자,특5,없음,20,594,76900,56000,65546
2024. 10. 21,과실류,사과,시나노골드,상자,특6,없음,20,441,73900,52300,63792
2024. 10. 21,과실류,사과,시나노골드,상자,특7,없음,20,253,68900,50100,56311
2024. 10. 21,과실류,사과,시나노골드,상자,특8,없음,20,127,60000,48000,52513
2024. 10. 21,과실류,사과,시나노골드,상자,혼합,없음,20,1,23300,23300,23300
2024. 10. 21,과실류,사과,시나노스위트,상자,등외,없음,20,2,13000,12000,12500
2024. 10. 21,과실류,사과,시나노스위트,상자,미달,없음,20,1,5000,5000,5000
2024. 10. 21,과실류,사과,시나노스위트,상자,보1,없음,20,1,15000,15000,15000
2024. 10. 21,과실류,사과,시나노스위트,상자,상1,없음,20,3,23000,23000,23000
2024. 10. 21,과실류,사과,시나노스위트,상자,상2,없음,20,22,28000,20200,20909
2024. 10. 21,과실류,사과,시나노스위트,상자,상3,없음,20,17,18000,16000,17059
2024. 10. 21,과실류,사과,시나노스위트,상자,특4,없음,20,5,26900,26900,26900
2024. 10. 21,과실류,사과,시나노스위트,상자,특5,없음,20,9,25000,25000,25000
2024. 10. 21,과실류,사과,시나노스위트,상자,특6,없음,20,22,53000,24000,37459
2024. 10. 21,과실류,사과,시나노스위트,상자,특7,없음,20,34,49300,20300,45385
2024. 10. 21,과실류,사과,시나노스위트,상자,특8,없음,20,21,41000,16500,37724
2024. 10. 21,과실류,사과,아리수,상자,등외,없음,20,8,21900,21900,21900
2024. 10. 21,과실류,사과,아리수,상자,보1,없음,20,5,16900,12200,15960
2024. 10. 21,과실류,사과,아리수,상자,상2,없음,20,3,29900,29900,29900
2024. 10. 21,과실류,사과,아리수,상자,상3,없음,20,5,30900,30900,30900
2024. 10. 21,과실류,사과,아리수,상자,특7,없음,20,1,23300,23300,23300
2024. 10. 21,과실류,사과,아리수,상자,특8,없음,20,1,21100,21100,21100
2024. 10. 21,과실류,사과,아리수,상자,혼합,없음,20,2,12900,8000,10450
2024. 10. 21,과실류,사과,알프스오또매,상자,특,없음,5,24,8900,8900,8900
2024. 10. 21,과실류,사과,양광,상자,등외,없음,20,5,31100,27900,29900
2024. 10. 21,과실류,사과,양광,상자,미달,없음,20,2,19000,6000,12500
2024. 10. 21,과실류,사과,양광,상자,보1,없음,20,34,36300,21100,24612
2024. 10. 21,과실류,사과,양광,상자,상1,없음,20,61,66900,49900,61449
2024. 10. 21,과실류,사과,양광,상자,상2,없음,20,86,79600,41000,68633
2024. 10. 21,과실류,사과,양광,상자,상3,없음,20,22,68900,31000,46818
2024. 10. 21,과실류,사과,양광,상자,특3,없음,20,3,95900,83000,87967
2024. 10. 21,과실류,사과,양광,상자,특4,없음,20,61,106200,68000,89189
2024. 10. 21,과실류,사과,양광,상자,특5,없음,20,87,125900,66000,94995
2024. 10. 21,과실류,사과,양광,상자,특6,없음,20,41,102300,55000,80910
2024. 10. 21,과실류,사과,양광,상자,특7,없음,20,18,80000,40000,63461
2024. 10. 21,과실류,사과,양광,상자,특8,없음,20,5,65900,52500,60040
2024. 10. 21,과실류,사과,양광,상자,혼합,없음,20,3,43900,22100,31333
2024. 10. 21,과실류,사과,엔부,상자,등외,없음,20,1,36900,36900,36900
2024. 10. 21,과실류,사과,엔부,상자,미달,없음,20,1,16900,16900,16900
2024. 10. 21,과실류,사과,엔부,상자,보1,없음,20,8,33600,19100,27238
2024. 10. 21,과실류,사과,엔부,상자,상1,없음,20,15,63900,44900,60767
2024. 10. 21,과실류,사과,엔부,상자,상2,없음,20,10,68900,42900,64310
2024. 10. 21,과실류,사과,엔부,상자,상3,없음,20,1,54400,54400,54400
2024. 10. 21,과실류,사과,엔부,상자,특2,없음,20,1,63900,63900,63900
2024. 10. 21,과실류,사과,엔부,상자,특3,없음,20,18,76900,68800,76450
2024. 10. 21,과실류,사과,엔부,상자,특4,없음,20,41,84900,63000,83234
2024. 10. 21,과실류,사과,엔부,상자,특5,없음,20,26,88900,49900,83888
2024. 10. 21,과실류,사과,엔부,상자,특6,없음,20,11,82000,48900,72991
2024. 10. 21,과실류,사과,엔부,상자,특7,없음,20,4,78300,72600,75550
2024. 10. 21,과실류,사과,엔부,상자,특8,없음,20,2,45000,25900,35450
2024. 10. 21,과실류,사과,요까,상자,상1,없음,20,2,45000,45000,45000
2024. 10. 21,과실류,사과,요까,상자,상2,없음,20,3,41200,41200,41200
2024. 10. 21,과실류,사과,요까,상자,상3,없음,20,2,30000,30000,30000
2024. 10. 21,과실류,사과,요까,상자,혼합,없음,20,1,15900,15900,15900
2024. 10. 21,과실류,사과,홍로,상자,등외,없음,20,134,30000,18900,23755
2024. 10. 21,과실류,사과,홍로,상자,보1,없음,20,102,19100,13600,17160
2024. 10. 21,과실류,사과,홍로,상자,상1,없음,20,21,39900,14000,36200
2024. 10. 21,과실류,사과,홍로,상자,상2,없음,20,65,39900,20200,26382
2024. 10. 21,과실류,사과,홍로,상자,상3,없음,20,106,30000,18900,22460
2024. 10. 21,과실류,사과,홍로,상자,특4,없음,20,11,50000,50000,50000
2024. 10. 21,과실류,사과,홍로,상자,특5,없음,20,14,54900,54300,54557
2024. 10. 21,과실류,사과,홍로,상자,특6,없음,20,25,49000,28000,45636
2024. 10. 21,과실류,사과,홍로,상자,특7,없음,20,51,31000,26000,29353
2024. 10. 21,과실류,사과,홍로,상자,특8,없음,20,34,29000,23000,26765
2024. 10. 21,과실류,사과,홍로,상자,혼합,없음,20,1,12000,12000,12000
2024. 10. 21,과실류,사과,홍옥,상자,등외,없음,20,1,12900,12900,12900
2024. 10. 21,과실류,사과,홍옥,상자,보1,없음,20,3,3100,3100,3100
2024. 10. 21,과실류,사과,홍옥,상자,상2,없음,20,1,30000,30000,30000
2024. 10. 21,과실류,사과,홍옥,상자,상3,없음,20,3,20000,20000,20000
2024. 10. 21,과실류,사과,후브락스,상자,등외,없음,20,85,64400,48800,57580
2024. 10. 21,과실류,사과,후브락스,상자,미달,없음,20,6,66100,12100,27817
2024. 10. 21,과실류,사과,후브락스,상자,보1,없음,20,310,58900,29300,45401
2024. 10. 21,과실류,사과,후브락스,상자,상1,없음,20,394,86900,48900,69900
2024. 10. 21,과실류,사과,후브락스,상자,상2,없음,20,479,88000,58900,75062
2024. 10. 21,과실류,사과,후브락스,상자,상3,없음,20,130,74900,56000,66745
2024. 10. 21,과실류,사과,후브락스,상자,특2,없음,20,3,133000,133000,133000
2024. 10. 21,과실류,사과,후브락스,상자,특3,없음,20,228,136900,62300,118179
2024. 10. 21,과실류,사과,후브락스,상자,특4,없음,20,802,130000,79900,102885
2024. 10. 21,과실류,사과,후브락스,상자,특5,없음,20,876,120100,81900,100357
2024. 10. 21,과실류,사과,후브락스,상자,특6,없음,20,545,113000,80000,94998
2024. 10. 21,과실류,사과,후브락스,상자,특7,없음,20,254,95000,75600,85461
2024. 10. 21,과실류,사과,후브락스,상자,특8,없음,20,98,84900,69900,76507
2024. 10. 21,과실류,사과,후브락스,상자,혼합,없음,20,2,70100,59900,65000
2024. 10. 21,과실류,사과,후지(부사),상자,등외,없음,20,2,56900,56900,56900
2024. 10. 21,과실류,사과,후지(부사),상자,보1,없음,20,11,50400,50400,50400
2024. 10. 21,과실류,사과,후지(부사),상자,상1,없음,20,10,77900,77900,77900
2024. 10. 21,과실류,사과,후지(부사),상자,상2,없음,20,20,85000,85000,85000
2024. 10. 21,과실류,사과,후지(부사),상자,상3,없음,20,5,72500,72500,72500
2024. 10. 21,과실류,사과,후지(부사),상자,특3,없음,20,1,109900,109900,109900
2024. 10. 21,과실류,사과,후지(부사),상자,특4,없음,20,12,103000,103000,103000
2024. 10. 21,과실류,사과,후지(부사),상자,특5,없음,20,19,102000,102000,102000
2024. 10. 21,과실류,사과,후지(부사),상자,특6,없음,20,15,102300,102300,102300
2024. 10. 21,과실류,사과,후지(부사),상자,특7,없음,20,8,96900,96900,96900
2024. 10. 21,과실류,사과,후지(부사),상자,특8,없음,20,3,85900,85900,85900
2024. 10. 21,과실류,사과,후지로얄,상자,등외,없음,20,1,56600,56600,56600
2024. 10. 21,과실류,사과,후지로얄,상자,미달,없음,20,1,69900,69900,69900
2024. 10. 21,과실류,사과,후지로얄,상자,보1,없음,20,6,43300,43300,43300
2024. 10. 21,과실류,사과,후지로얄,상자,상1,없음,20,5,68900,68900,68900
2024. 10. 21,과실류,사과,후지로얄,상자,상2,없음,20,6,78000,78000,78000
2024. 10. 21,과실류,사과,후지로얄,상자,상3,없음,20,2,65200,65200,65200
2024. 10. 21,과실류,사과,후지로얄,상자,특4,없음,20,7,99900,99900,99900
2024. 10. 21,과실류,사과,후지로얄,상자,특5,없음,20,15,95000,95000,95000
2024. 10. 21,과실류,사과,후지로얄,상자,특6,없음,20,10,89000,89000,89000
2024. 10. 21,과실류,사과,후지로얄,상자,특7,없음,20,6,86000,86000,86000
2024. 10. 21,과실류,사과,후지로얄,상자,특8,없음,20,2,80000,80000,80000
2024. 10. 21,과실류,사과,후지챔피온,상자,등외,없음,20,26,53300,35600,41623
2024. 10. 21,과실류,사과,후지챔피온,상자,미달,없음,20,1,12200,12200,12200
2024. 10. 21,과실류,사과,후지챔피온,상자,보1,없음,20,85,46100,23300,29924
2024. 10. 21,과실류,사과,후지챔피온,상자,상1,없음,20,51,76900,57700,62924
2024. 10. 21,과실류,사과,후지챔피온,상자,상2,없음,20,81,84500,58800,66881
2024. 10. 21,과실류,사과,후지챔피온,상자,상3,없음,20,40,69200,55500,60580
2024. 10. 21,과실류,사과,후지챔피온,상자,특3,없음,20,5,118900,69900,81140
2024. 10. 21,과실류,사과,후지챔피온,상자,특4,없음,20,44,96900,79900,87793
2024. 10. 21,과실류,사과,후지챔피온,상자,특5,없음,20,73,96300,66900,88810
2024. 10. 21,과실류,사과,후지챔피온,상자,특6,없음,20,56,94900,63900,85204
2024. 10. 21,과실류,사과,후지챔피온,상자,특7,없음,20,28,86000,65500,80857
2024. 10. 21,과실류,사과,후지챔피온,상자,특8,없음,20,15,75000,62100,72907
2024. 10. 19,과실류,사과,K-1,상자,등외,없음,20,7,63500,44000,60714
2024. 10. 19,과실류,사과,K-1,상자,보1,없음,20,5,49100,33000,45880
2024. 10. 19,과실류,사과,K-1,상자,상1,없음,20,4,61100,46500,50150
2024. 10. 19,과실류,사과,K-1,상자,상2,없음,20,12,73700,53300,66900
2024. 10. 19,과실류,사과,K-1,상자,상3,없음,20,5,69000,52100,65620
2024. 10. 19,과실류,사과,K-1,상자,특3,없음,20,1,67400,67400,67400
2024. 10. 19,과실류,사과,K-1,상자,특4,없음,20,6,86900,77000,80300
2024. 10. 19,과실류,사과,K-1,상자,특5,없음,20,13,86900,75900,80977
2024. 10. 19,과실류,사과,K-1,상자,특6,없음,20,11,86900,75000,81491
2024. 10. 19,과실류,사과,K-1,상자,특7,없음,20,10,88900,71200,83590
2024. 10. 19,과실류,사과,K-1,상자,특8,없음,20,5,77900,69900,76300
2024. 10. 19,과실류,사과,감홍,상자,등외,없음,20,4,38000,28000,30500
2024. 10. 19,과실류,사과,감홍,상자,보1,없음,20,116,45900,18900,31926
2024. 10. 19,과실류,사과,감홍,상자,상1,없음,20,302,121900,50600,66962
2024. 10. 19,과실류,사과,감홍,상자,상2,없음,20,114,106900,52600,74933
2024. 10. 19,과실류,사과,감홍,상자,상3,없음,20,24,67900,33000,61033
2024. 10. 19,과실류,사과,감홍,상자,특2,없음,20,11,111000,68400,74782
2024. 10. 19,과실류,사과,감홍,상자,특3,없음,20,71,169100,69900,99649
2024. 10. 19,과실류,사과,감홍,상자,특4,없음,20,117,170000,71000,99315
2024. 10. 19,과실류,사과,감홍,상자,특5,없음,20,56,139000,71900,96570
2024. 10. 19,과실류,사과,감홍,상자,특6,없음,20,23,113300,60000,96970
2024. 10. 19,과실류,사과,감홍,상자,특7,없음,20,11,90500,48000,84709
2024. 10. 19,과실류,사과,감홍,상자,특8,없음,20,2,73300,68900,71100
2024. 10. 19,과실류,사과,미시마,상자,등외,없음,20,2,63300,63300,63300
2024. 10. 19,과실류,사과,미시마,상자,보1,없음,20,1,47100,47100,47100
2024. 10. 19,과실류,사과,미시마,상자,상1,없음,20,1,64900,64900,64900
2024. 10. 19,과실류,사과,미시마,상자,상2,없음,20,5,76100,76100,76100
2024. 10. 19,과실류,사과,미시마,상자,상3,없음,20,2,75400,75400,75400
2024. 10. 19,과실류,사과,미시마,상자,특3,없음,20,1,109900,109900,109900
2024. 10. 19,과실류,사과,미시마,상자,특4,없음,20,8,98900,98900,98900
2024. 10. 19,과실류,사과,미시마,상자,특5,없음,20,11,90900,90900,90900
2024. 10. 19,과실류,사과,미시마,상자,특6,없음,20,9,87900,87900,87900
2024. 10. 19,과실류,사과,미시마,상자,특7,없음,20,5,90500,90500,90500
2024. 10. 19,과실류,사과,미시마,상자,특8,없음,20,2,80500,80500,80500
2024. 10. 19,과실류,사과,미안마,상자,등외,없음,20,14,64400,46000,59629
2024. 10. 19,과실류,사과,미안마,상자,보1,없음,20,91,50100,41300,44176
2024. 10. 19,과실류,사과,미안마,상자,상1,없음,20,49,66300,54300,60465
2024. 10. 19,과실류,사과,미안마,상자,상2,없음,20,90,75100,66600,70479
2024. 10. 19,과실류,사과,미안마,상자,상3,없음,20,24,70000,51100,67158
2024. 10. 19,과실류,사과,미안마,상자,특3,없음,20,17,109900,68900,95288
2024. 10. 19,과실류,사과,미안마,상자,특4,없음,20,90,96000,77000,85457
2024. 10. 19,과실류,사과,미안마,상자,특5,없음,20,125,94400,83900,88872
2024. 10. 19,과실류,사과,미안마,상자,특6,없음,20,83,91900,82900,88455
2024. 10. 19,과실류,사과,미안마,상자,특7,없음,20,37,90900,82900,88370
2024. 10. 19,과실류,사과,미안마,상자,특8,없음,20,13,80500,75500,79662
2024. 10. 19,과실류,사과,미야비,상자,등외,없음,20,1,55000,55000,55000
2024. 10. 19,과실류,사과,미야비,상자,보1,없음,20,2,46900,46900,46900
2024. 10. 19,과실류,사과,미야비,상자,상1,없음,20,8,62300,62300,62300
2024. 10. 19,과실류,사과,미야비,상자,상2,없음,20,12,68900,68900,68900
2024. 10. 19,과실류,사과,미야비,상자,상3,없음,20,1,64400,64400,64400
2024. 10. 19,과실류,사과,미야비,상자,특4,없음,20,12,81200,81200,81200
2024. 10. 19,과실류,사과,미야비,상자,특5,없음,20,17,85900,85900,85900
2024. 10. 19,과실류,사과,미야비,상자,특6,없음,20,10,86000,86000,86000
2024. 10. 19,과실류,사과,미야비,상자,특7,없음,20,2,88900,88900,88900
2024. 10. 19,과실류,사과,미야비,상자,특8,없음,20,1,79900,79900,79900
2024. 10. 19,과실류,사과,시나노골드,상자,등외,없음,20,5,38000,38000,38000
2024. 10. 19,과실류,사과,시나노골드,상자,보1,없음,20,8,26900,24900,25400
2024. 10. 19,과실류,사과,시나노골드,상자,상1,없음,20,7,49300,49200,49229
2024. 10. 19,과실류,사과,시나노골드,상자,상2,없음,20,16,52900,38000,50363
2024. 10. 19,과실류,사과,시나노골드,상자,상3,없음,20,6,38000,38000,38000
2024. 10. 19,과실류,사과,시나노골드,상자,특3,없음,20,10,64500,64500,64500
2024. 10. 19,과실류,사과,시나노골드,상자,특4,없음,20,39,63600,63000,63092
2024. 10. 19,과실류,사과,시나노골드,상자,특5,없음,20,52,64300,62000,63275
2024. 10. 19,과실류,사과,시나노골드,상자,특6,없음,20,41,63500,62000,63317
2024. 10. 19,과실류,사과,시나노골드,상자,특7,없음,20,22,56800,54800,56345
2024. 10. 19,과실류,사과,시나노골드,상자,특8,없음,20,9,53600,51600,53378
2024. 10. 19,과실류,사과,아리수,상자,등외,없음,20,8,22000,22000,22000
2024. 10. 19,과실류,사과,아리수,상자,보1,없음,20,10,15900,15900,15900
2024. 10. 19,과실류,사과,아리수,상자,상2,없음,20,5,36900,36900,36900
2024. 10. 19,과실류,사과,아리수,상자,상3,없음,20,56,26300,26300,26300
2024. 10. 19,과실류,사과,알프스오또매,상자,특,없음,8,35,10200,10200,10200
2024. 10. 19,과실류,사과,양광(양강),상자,등외,없음,20,4,19900,15900,18900
2024. 10. 19,과실류,사과,양광(양강),상자,보1,없음,20,13,26000,11100,16431
2024. 10. 19,과실류,사과,양광(양강),상자,상1,없음,20,20,64000,54500,62100
2024. 10. 19,과실류,사과,양광(양강),상자,상2,없음,20,14,66900,29900,35564
2024. 10. 19,과실류,사과,양광(양강),상자,상3,없음,20,25,66300,23500,25516
2024. 10. 19,과실류,사과,양광(양강),상자,특2,없음,20,3,84900,84900,84900
2024. 10. 19,과실류,사과,양광(양강),상자,특3,없음,20,16,90300,90300,90300
2024. 10. 19,과실류,사과,양광(양강),상자,특4,없음,20,12,99900,63600,96875
2024. 10. 19,과실류,사과,양광(양강),상자,특5,없음,20,3,105900,58800,90200
2024. 10. 19,과실류,사과,양광(양강),상자,특6,없음,20,1,90900,90900,90900
2024. 10. 19,과실류,사과,엔부,상자,등외,없음,20,2,50000,35900,42950
2024. 10. 19,과실류,사과,엔부,상자,보1,없음,20,7,34900,25000,31229
2024. 10. 19,과실류,사과,엔부,상자,상1,없음,20,33,63300,48900,59548
2024. 10. 19,과실류,사과,엔부,상자,상2,없음,20,16,62000,48000,54363
2024. 10. 19,과실류,사과,엔부,상자,상3,없음,20,4,44200,36300,41450
2024. 10. 19,과실류,사과,엔부,상자,특2,없음,20,1,71200,71200,71200
2024. 10. 19,과실류,사과,엔부,상자,특3,없음,20,23,69300,56900,68057
2024. 10. 19,과실류,사과,엔부,상자,특4,없음,20,53,75900,63000,68966
2024. 10. 19,과실류,사과,엔부,상자,특5,없음,20,40,78000,61100,68643
2024. 10. 19,과실류,사과,엔부,상자,특6,없음,20,23,68900,51100,58335
2024. 10. 19,과실류,사과,엔부,상자,특7,없음,20,7,65600,53300,58657
2024. 10. 19,과실류,사과,엔부,상자,특8,없음,20,3,61100,50900,54700
2024. 10. 19,과실류,사과,요까,상자,등외,없음,20,1,18900,18900,18900
2024. 10. 19,과실류,사과,요까,상자,보1,없음,20,2,14900,14500,14700
2024. 10. 19,과실류,사과,요까,상자,상1,없음,20,3,29900,29900,29900
2024. 10. 19,과실류,사과,요까,상자,상2,없음,20,3,47900,24500,32300
2024. 10. 19,과실류,사과,요까,상자,상3,없음,20,1,42600,42600,42600
2024. 10. 19,과실류,사과,요까,상자,특3,없음,20,1,39900,39900,39900
2024. 10. 19,과실류,사과,요까,상자,특4,없음,20,4,38900,38900,38900
2024. 10. 19,과실류,사과,요까,상자,특5,없음,20,3,60900,36300,52700
2024. 10. 19,과실류,사과,요까,상자,특6,없음,20,2,60900,35000,47950
2024. 10. 19,과실류,사과,요까,상자,특7,없음,20,1,58900,58900,58900
2024. 10. 19,과실류,사과,홍로,상자,등외,없음,20,3,21600,21600,21600
2024. 10. 19,과실류,사과,홍로,상자,보1,없음,20,4,14000,14000,14000
2024. 10. 19,과실류,사과,홍로,상자,상2,없음,20,38,44900,30000,38897
2024. 10. 19,과실류,사과,홍로,상자,상3,없음,20,7,40000,26300,34129
2024. 10. 19,과실류,사과,홍로,상자,특5,없음,20,1,54900,54900,54900
2024. 10. 19,과실류,사과,홍로,상자,특6,없음,20,54,72900,52500,70633
2024. 10. 19,과실류,사과,홍로,상자,특7,없음,20,14,69000,69000,69000
2024. 10. 19,과실류,사과,후브락스,상자,등외,없음,20,16,66100,55500,62113
2024. 10. 19,과실류,사과,후브락스,상자,보1,없음,20,47,51100,41600,47972
2024. 10. 19,과실류,사과,후브락스,상자,상1,없음,20,128,75900,59100,66132
2024. 10. 19,과실류,사과,후브락스,상자,상2,없음,20,142,89300,65200,80538
2024. 10. 19,과실류,사과,후브락스,상자,상3,없음,20,34,78500,64100,74941
2024. 10. 19,과실류,사과,후브락스,상자,특3,없음,20,39,118900,91500,111833
2024. 10. 19,과실류,사과,후브락스,상자,특4,없음,20,179,103300,87200,92946
2024. 10. 19,과실류,사과,후브락스,상자,특5,없음,20,242,109000,88000,97174
2024. 10. 19,과실류,사과,후브락스,상자,특6,없음,20,140,102900,85900,92434
2024. 10. 19,과실류,사과,후브락스,상자,특7,없음,20,66,95500,85200,91892
2024. 10. 19,과실류,사과,후브락스,상자,특8,없음,20,21,82900,73200,80762
2024. 10. 19,과실류,사과,후지챔피온,상자,등외,없음,20,8,63300,43000,45538
2024. 10. 19,과실류,사과,후지챔피온,상자,보1,없음,20,34,38300,38300,38300
2024. 10. 19,과실류,사과,후지챔피온,상자,상1,없음,20,4,79900,50200,65050
2024. 10. 19,과실류,사과,후지챔피온,상자,상2,없음,20,13,92000,63000,67462
2024. 10. 19,과실류,사과,후지챔피온,상자,상3,없음,20,7,59900,59900,59900
2024. 10. 19,과실류,사과,후지챔피온,상자,특3,없음,20,4,143600,143600,143600
2024. 10. 19,과실류,사과,후지챔피온,상자,특4,없음,20,22,133000,88100,124836
2024. 10. 19,과실류,사과,후지챔피온,상자,특5,없음,20,31,129900,87000,110526
2024. 10. 19,과실류,사과,후지챔피온,상자,특6,없음,20,23,113000,86200,95522
2024. 10. 19,과실류,사과,후지챔피온,상자,특7,없음,20,13,93300,87300,88223
2024. 10. 19,과실류,사과,후지챔피온,상자,특8,없음,20,7,80100,79800,79843
2024. 10. 18,과실류,사과,K-1,상자,등외,없음,20,5,57700,51600,52820
2024. 10. 18,과실류,사과,K-1,상자,보1,없음,20,22,44000,39300,41218
2024. 10. 18,과실류,사과,K-1,상자,상1,없음,20,10,90000,57100,70820
2024. 10. 18,과실류,사과,K-1,상자,상2,없음,20,19,90000,62300,67300
2024. 10. 18,과실류,사과,K-1,상자,상3,없음,20,6,61100,59900,60900
2024. 10. 18,과실류,사과,K-1,상자,특3,없음,20,6,140500,140500,140500
2024. 10. 18,과실류,사과,K-1,상자,특4,없음,20,28,129900,84400,109425
2024. 10. 18,과실류,사과,K-1,상자,특5,없음,20,35,129900,87700,102226
2024. 10. 18,과실류,사과,K-1,상자,특6,없음,20,24,115900,79900,87733
2024. 10. 18,과실류,사과,K-1,상자,특7,없음,20,12,93300,77700,81375
2024. 10. 18,과실류,사과,K-1,상자,특8,없음,20,5,79900,72600,74660
2024. 10. 18,과실류,사과,감홍,상자,등외,없음,20,38,53000,15000,25271
2024. 10. 18,과실류,사과,감홍,상자,미달,없음,20,8,60000,3000,22713
2024. 10. 18,과실류,사과,감홍,상자,보1,없음,20,550,56200,8000,33022
2024. 10. 18,과실류,사과,감홍,상자,상1,없음,20,1332,136300,42000,74333
2024. 10. 18,과실류,사과,감홍,상자,상2,없음,20,796,116900,39900,66239
2024. 10. 18,과실류,사과,감홍,상자,상3,없음,20,148,71000,28000,41307
2024. 10. 18,과실류,사과,감홍,상자,특2,없음,20,21,166000,70000,136133
2024. 10. 18,과실류,사과,감홍,상자,특3,없음,20,476,178900,66000,122154
2024. 10. 18,과실류,사과,감홍,상자,특4,없음,20,929,192300,45500,117009
2024. 10. 18,과실류,사과,감홍,상자,특5,없음,20,558,188800,57000,106489
2024. 10. 18,과실류,사과,감홍,상자,특6,없음,20,223,133300,53000,88759
2024. 10. 18,과실류,사과,감홍,상자,특7,없음,20,72,101000,39900,63588
2024. 10. 18,과실류,사과,감홍,상자,특8,없음,20,12,60000,33600,46500
2024. 10. 18,과실류,사과,감홍,상자,혼합,없음,20,4,135500,15000,52850
2024. 10. 18,과실류,사과,군마명월,상자,미달,없음,20,1,20000,20000,20000
2024. 10. 18,과실류,사과,군마명월,상자,보1,없음,20,1,12200,12200,12200
2024. 10. 18,과실류,사과,군마명월,상자,상1,없음,20,3,38900,38900,38900
2024. 10. 18,과실류,사과,군마명월,상자,상2,없음,20,3,44400,44400,44400
2024. 10. 18,과실류,사과,군마명월,상자,상3,없음,20,1,24400,24400,24400
2024. 10. 18,과실류,사과,군마명월,상자,특4,없음,20,7,54400,54400,54400
2024. 10. 18,과실류,사과,군마명월,상자,특5,없음,20,10,56900,56900,56900
2024. 10. 18,과실류,사과,군마명월,상자,특6,없음,20,6,46600,46600,46600
2024. 10. 18,과실류,사과,미안마,상자,등외,없음,20,65,71900,44000,57558
2024. 10. 18,과실류,사과,미안마,상자,미달,없음,20,1,11100,11100,11100
2024. 10. 18,과실류,사과,미안마,상자,보1,없음,20,203,55000,24900,37330
2024. 10. 18,과실류,사과,미안마,상자,상1,없음,20,75,88800,46900,61783
2024. 10. 18,과실류,사과,미안마,상자,상2,없음,20,202,96600,53300,67809